{
  "bot_token": "7239280424:AAEJlypKbgnfllVpA6gOo85i71BSNWsofAQ",
  "bot_admin": [
    7189452073
  ],
  "rpc": "https://bsc-dataseed.binance.org/",
  "deci": 18,
  "block_url": "https://bscscan.com/tx/",
  "reffer_bonus": 1,
  "min_wd": 1e-9,
  "bot_cur": "GMEE",
  "task": "*🚀 Follow Our* [Twitter Page ](http://x.com/AirdropDenver)\n\n* 👍 Like and retweet the pinned post\n📢 Submit your Twitter username with @*",
  "task2": "*🚀 Subscribe Our* [YouTube Page ](https://www.youtube.com/@Airdrop.Denver)\n\n*Must on the notifications\nKindly submit your Youtube mail(example: xyz@gmail.com).*",
  "address": "🏁 Great. Lastly, please submit your Matic wallet address (Format should be 0x + 40 characters hexadecimal)\n\n*Note:* Please do not use any exchange wallet address (Recommended wallet: Metamask, Trust wallet).",
  "welcome": "<b>✨ We are glad that you joined our </b><b><u>POLYDOGE Airdrop.</u> 🚀\n</b>\n<b>💰Pool: </b>500 CELO<b>\n💰Bonus: </b>0.001 (~0.01$) CELO<b>\n💰Refer: </b>0.0013 (~0.03$) CELO\n\n⚠️ <b>All tasks will be reviewed by our team, and if incomplete, the drop may not be awarded. So</b>, <b>you must complete all the task. </b>\n\n📢 <b><u>All Tasks Are Mandatory:</u></b>\n»<b> Join </b>@REV3LAnnouncements<b>\n» Join </b>@REV3LCommunity<b>\n» Join </b>@AirdropDominator<b>\n» Join </b>@AirdropAuditors\n\nℹ️ <b>After, Completing All Tasks Press on \"\"✅ Join Airdrop\"\"</b>&lt;b&gt;",
  "bonus": 800,
  "check": [],
  "but": [
    [
      "📊 Statistics",
      "📤 Withdraw"
    ]
  ],
  "payout": "@payoutstar",
  "bot": true,
  "bot_text": "Bot is <b>Turned Off</b>",
  "broad_speed": 66.66666666666667,
  "with_type": "auto-network",
  "key": "0x0e83571fadf06f2110f579b644a33b6d7e9e52e2ba603afc66f6209806b7f9ea",
  "contract": "0x04068DA6C83AFCFA0e13ba15A6696662335D5B75",
  "address2": "0x68AFC07F5e77B034556775E9270FC2Ee84C70e7a"
}